<?xml version="1.0" encoding="UTF-8" standalone="yes"?>
<addon id="repository.coffee" name="Coffee Repository" version="1.0.0" provider-name="noam09">
    <extension point="xbmc.addon.repository" name="Coffee Repository">
        <info compressed="false">https://raw.githubusercontent.com/noam09/kodi/master/addons.xml</info>
        <checksum>https://raw.githubusercontent.com/noam09/kodi/master/addons.xml.md5</checksum>
        <datadir zip="true">https://raw.githubusercontent.com/noam09/kodi/master/repo</datadir>
    </extension>
    <extension point="xbmc.addon.metadata">
        <summary>Stuff for Kodi</summary>
        <description>Download addons for doing things on Kodi</description>
        <platform>all</platform>
    </extension>
</addon>

